city,keyword1,keyword2,keyword3,keyword4,keyword5
clear-lake-city,after-hours mobile notary clear lake city,clear lake city loan signing agent,traveling notary 77058,apostille service clear lake,notary public near nasa
pasadena,after-hours mobile notary pasadena tx,loan signing agent 77502,apostille services pasadena tx,same-day notary pasadena,notary public strawberry park
texas-city,mobile notary 77591,texas city loan signing agent,apostille texas city,after-hours notary texas city,same-day notarization texas city
nassau-bay,notary near nassau bay marina,after-hours notary 77058,loan signing agent nassau bay,apostille nassau bay,traveling notary nassau bay
seabrook,mobile notary seabrook 77586,after-hours notary seabrook,loan signing agent seabrook tx,notary near kemah boardwalk,apostille services seabrook
clear-lake-shores,dockside notary clear lake shores,mobile notary 77565,loan signing agent clear lake shores,after-hours notary island,apostille clear lake shores
taylor-lake-village,mobile notary taylor lake village,loan signing agent 77586,after-hours notary taylor lake,apostille taylor lake village,notary near clear lake park
friendswood,mobile notary 77546,friendswood loan signing agent,same-day notary friendswood,apostille friendswood,after-hours notary friendswood
league-city,mobile notary league city 77573,loan signing agent league city,after-hours notary league city,apostille services league city,notary near utmb league city
kemah,mobile notary kemah boardwalk,loan signing agent 77565,after-hours notary kemah,apostille kemah,notary for i-9 kemah
la-porte,mobile notary la porte 77571,loan signing agent la porte,after-hours notary la porte,sylvan beach notary,apostille services la porte
deer-park,notary deer park 77536,loan signing agent deer park,after-hours notary deer park,apostille deer park,battleground golf course notary
south-houston,mobile notary south houston 77587,spanish notary south houston,after-hours notary south houston,apostille services south houston,loan signing agent south houston
la-marque,mobile notary la marque 77568,after-hours notary la marque,apostille la marque,loan signing agent la marque,gulf greyhound park notary
dickinson,mobile notary dickinson 77539,after-hours notary dickinson,loan signing agent dickinson,apostille dickinson,dickinson bayou notary
santa-fe,mobile notary santa fe 77510,after-hours notary santa fe,apostille santa fe tx,loan signing agent santa fe tx,notary haak vineyards
galveston,mobile notary galveston island,loan signing agent galveston,after-hours notary galveston,apostille services galveston,notary cruise terminal galveston
